ID,Group,Feature_1,Feature_2,Feature_3
ID000,B,2656.1723668012655,414.07425708963996,5310.149976309273
ID001,A,2456.5281902536435,392.2593290767394,5424.786442407012
ID002,A,2703.640366057678,401.44181165411476,6095.960469752967
ID003,C,2978.857258127803,393.0658706694244,-2595.3816915381817
ID004,C,2426.379615915192,393.48255658851525,-2038.6899815928612
ID005,A,2426.3847778430977,395.3624181479704,5290.902299490337
ID006,C,2996.5217954542604,403.33200657450567,-2591.717745087817
ID007,B,2741.2898792811075,392.81877067504786,5502.07590006385
ID008,B,2352.3921141373758,418.8363418836028,4708.661179552144
ID009,B,2670.586816632748,386.58089046670744,5338.145391239981
ID010,C,2354.2964047523983,397.1969253375796,-1960.6012146418052
ID011,A,2353.5694675420445,393.4040341258874,5074.929942292337
ID012,A,2576.0755867293024,421.704668265306,5630.300736187142
ID013,A,1898.4437480774673,402.9483216476736,3679.6555896298805
ID014,B,1957.6669522940342,415.47766809202955,3913.1681456249808
ID015,B,2323.2106459378206,377.7165944044454,4684.73858268978
ID016,C,2181.5548091921846,404.00575398803886,-1773.9640203037575
ID017,C,2598.802801158111,413.34446193435156,-2194.4798318249013
ID018,C,2214.50729131233,401.23425983913137,-1818.389322627665
ID019,A,2055.9562570492485,415.98220562598027,4101.739091528205
ID020,A,2960.816016121578,392.24067324849443,6922.6039270487145
ID021,B,2429.0134597517326,421.1402116027837,4840.767583763657
ID022,C,2521.2316067259612,434.4834718542887,-2075.71738765677
ID023,C,2052.043574784683,394.55742159340514,-1665.503882217746
ID024,B,2328.840112528671,393.3174621789884,4680.159798371952
ID025,A,2534.8752763771636,421.8007671567655,5508.582570136239
ID026,A,2138.1150203404177,423.6935821859607,4290.509287343545
ID027,B,2618.1235694048405,392.157099592701,5251.619335150503
ID028,C,2311.1526212241633,393.6971977435621,-1916.6411573542723
ID029,A,2408.2882921491428,395.77323086709237,5256.232006213433
ID030,A,2310.8168547601035,379.8332423344858,5039.101146415415
ID031,A,3082.376536475638,386.220220802737,7305.8722255533385
ID032,B,2495.756324800103,384.93788849871896,4983.790051612396
ID033,C,2167.4441061016587,388.48303652343805,-1766.6015397672468
ID034,A,2758.6171240435524,399.4797266891983,6274.435434699387
ID035,B,2116.1533929435695,403.5132209880478,4227.463004328235
ID036,C,2565.6690005162304,423.25750739221115,-2153.8729640762112
ID037,A,1883.8582622607237,385.02468938891815,3731.5345286247016
ID038,A,2082.403767737622,414.7648359771488,4198.13742235804
ID039,A,2561.8953274246805,396.79016733661734,5688.9247506199035
ID040,B,2732.1819760970475,399.2580443552135,5464.654585674168
ID041,C,2553.8800634245213,410.12229238249904,-2126.8111243770372
ID042,C,2463.638914116739,383.1591696765655,-2081.4354411351223
ID043,C,2405.3297021884464,405.73614619276077,-1994.1650944406888
ID044,C,2035.1365021439658,402.4967831231958,-1645.3884413585324
ID045,C,2273.673101376995,407.38676896012225,-1861.146647250381
ID046,C,2355.1701282013014,404.33752965861726,-1953.0783297227388
ID047,C,2832.3707993138205,436.8295020986634,-2383.712537266999
ID048,A,2608.037351528608,390.4339002362303,5886.191186023449
ID049,C,1945.6808766984288,392.0350456749727,-1522.5710673192327
ID050,C,2601.895547440923,390.6528921036285,-2204.2870572587317
ID051,C,2378.925915878856,391.66784321259615,-1983.3485168672737
ID052,B,2287.1683134318946,390.4391930904022,4576.669238482717
ID053,A,2692.3177206958558,417.8352479666133,5983.538926740773
ID054,A,2824.157535320976,421.30756371984785,6369.996593485229
ID055,C,2792.8046633574627,391.4388055937579,-2404.910674685373
ID056,B,2236.14082452003,387.5146664034366,4474.303180755295
ID057,B,2402.78024435548,407.0712333457961,4821.371659138255
ID058,B,2604.152848883759,391.71665433578545,5196.2271869841625
ID059,B,2806.72206640485,409.49397726633265,5627.122675543249
ID060,A,2349.342374520987,403.0438453127695,5048.6132778071915
ID061,A,2441.626785490782,377.2638382750415,5437.144342773246
ID062,A,2152.1561740930892,423.2125780199509,4314.94337339141
ID063,A,2123.899543563428,426.93816509643284,4229.713941362986
ID064,C,2755.467012568851,390.8081696427342,-2349.094908367383
ID065,B,2926.4167105537085,394.18447660096024,5852.55900435983
ID066,C,2477.3592295434487,404.2879808608736,-2085.062875470114
ID067,A,2815.5217278924324,405.0168518498054,6415.423625373532
ID068,C,2613.70232478762,409.87816409009247,-2193.736720379473
ID069,C,2297.1672875915506,430.15306808149523,-1860.4534166916387
ID070,B,2613.626734252827,397.34579158758925,5224.386283315618
ID071,C,2983.575532035324,388.0255413319232,-2599.951883645177
ID072,C,2488.7359011475774,379.3102115797821,-2114.126787356321
ID073,B,2991.941092170837,389.0360494008712,5972.813262127692
ID074,A,1676.3234632203626,399.50309540689307,3050.8394209002563
ID075,B,2758.4151440220057,426.9183679527668,5512.962442413475
ID076,A,2527.368551082053,392.2358305144574,5635.532402923777
ID077,C,2405.988816042103,403.3568192745835,-1984.37620414445
ID078,A,2528.850592567567,399.75365655890874,5599.763225685933
ID079,B,1875.0865770743917,417.82589910172123,3744.993710396167
ID080,A,2430.932753908241,437.90398638810433,5108.123090868241
ID081,A,2612.280101481655,392.0369684061952,5876.365115137298
ID082,C,2964.6660648776774,392.6584083622267,-2582.8520788442124
ID083,C,2337.0501703248756,415.6624131560361,-1917.4954457881802
ID084,C,2245.8007613794402,410.22837234439464,-1849.7208665289631
ID085,B,2342.2420932023842,427.7006098860405,4698.736339066308
ID086,B,2787.812445910295,408.7589227798895,5570.04948425301
ID087,C,2603.362947427299,394.6106186381941,-2206.3384129186306
ID088,C,2333.4375931149516,408.85982246038463,-1921.1783161960132
ID089,C,2661.3768992596238,416.6305537087436,-2247.853205235329
ID090,A,2530.522244137882,412.30723271796046,5537.070894441546
ID091,A,2804.5525879313727,407.6091104666095,6369.913367581601
ID092,C,2279.266822524991,416.0001203438373,-1852.8111346116666
ID093,A,2396.979434479292,417.5394338566851,5087.089377991491
ID094,A,2376.716904590924,420.7323848655629,5028.005344399515
ID095,A,2039.8548804916868,409.73064831384465,4094.178547894537
ID096,A,2593.1034564782685,397.4932287952472,5779.840249563303
ID097,A,2582.078635116644,402.20070529649985,5727.099439221134
ID098,A,2501.607726740918,418.09763449762534,5420.501901930535
ID099,B,2426.243237447087,387.74596493519147,4854.641456277449
ID100,B,2054.991945876207,405.5300996330935,4114.191452943696
ID101,A,2367.7445060868586,394.0999178150896,5138.6041747469
ID102,A,2392.2468046085114,400.4311723440223,5182.201209728164
ID103,A,2247.7552447305384,419.17677793910946,4660.698242599542
ID104,C,2449.290006798865,402.86648602029857,-2041.5056968954243
ID105,C,2627.0380121731273,400.69654822234224,-2229.2365558062074
ID106,A,3093.0374937646784,379.6021578853012,7389.172576281963
ID107,A,2554.8891753046546,411.1938034904083,5631.497091680665
ID108,B,2580.9766620216583,409.68226271711615,5160.361719086725
ID109,C,2476.5933891889185,432.4488208495819,-2055.8389199953845
ID110,C,1896.7173268030165,395.383326475705,-1488.0490322958678
ID111,C,2491.6637473346073,403.2872549149591,-2089.8210663870914
ID112,A,2518.9370372927838,403.7407552556613,5512.035301047876
ID113,A,3274.4702831180994,423.66179919645214,7715.270913497843
ID114,A,2439.5196070659103,398.5705670141957,5319.282047895305
ID115,C,2594.809785204181,404.18532288655507,-2191.710861705276
ID116,C,2489.0862396453485,409.11844764574806,-2075.9840280327726
ID117,C,2132.5548324781207,402.7991368473454,-1727.4696994734265
ID118,B,2859.316002363352,393.3034957817421,5727.145426532372
ID119,B,2736.4159762286686,402.9113498934746,5467.606116010499
ID120,C,2748.7091028838317,416.10447624789657,-2326.4473570578225
ID121,A,2214.0786299450147,384.60227050883407,4716.1099771598665
ID122,A,2941.0538865182825,401.9945451122031,6822.054659764482
ID123,C,2059.242681023045,389.4981877759124,-1662.360083438976
ID124,A,2684.5142941011145,417.92569943387264,5952.689120709445
ID125,B,3188.7032257527712,377.15219642824337,6390.438236899643
ID126,A,2188.564536845824,391.61617229092616,4601.181187741472
ID127,B,2321.9497950479217,405.6581781259678,4653.596283675217
ID128,B,2531.3314799797176,423.4828604385151,5067.070407720252
ID129,C,2341.701743239106,399.0137460839052,-1920.6297930336593
ID130,A,2012.4544435191633,391.672007099602,4076.321703271017
ID131,A,2521.5569497778147,428.21735604160887,5419.392267571981
ID132,C,2166.000084296716,378.27979149375636,-1787.9533280736125
ID133,B,2648.902644193003,367.01791065069875,5294.167130991995
ID134,A,2210.9229566255444,406.6002167508,4609.367088945937
ID135,B,2987.31634271115,392.4691866347108,5955.2369581210605
ID136,C,2253.736591302106,384.6815077430393,-1881.6992725888229
ID137,B,2398.740333979759,410.6253467094903,4784.667032900567
ID138,A,2755.778718001071,403.657010706568,6260.454791574056
ID139,A,2113.0027857201694,391.5388205389491,4401.841614936746
ID140,C,2571.5158932441063,380.7954340199366,-2191.9738498466195
ID141,C,2910.9799900926023,413.08685992420214,-2499.91899084668
ID142,B,1994.589675343711,409.7530176693799,3990.01997664478
ID143,B,2558.0509061476005,398.5123620433093,5130.044351926499
ID144,B,2581.709995220903,427.69955494071496,5152.291752831518
ID145,A,2745.8136688166073,383.94872850510774,6320.557791717101
ID146,C,2111.08915668451,377.1171224361289,-1722.2696626909917
ID147,A,2084.8339869649517,389.6213789517813,4312.408196175226
ID148,C,2664.1041414668643,399.3162097546675,-2262.512952313012
ID149,A,2593.375232095467,403.6500917398404,5773.887790698005
ID150,B,2578.7576940744552,396.38145913215504,5125.0766006329195
ID151,B,2608.927109330786,405.28083094771443,5225.988722495943
ID152,B,2286.19278390104,381.2269086371433,4564.536659604551
ID153,A,2573.023104665105,421.6564690610989,5588.819373927544
ID154,B,2592.1451936126346,398.7677323241115,5190.4248184195685
ID155,A,2275.4000947935638,416.7594374738219,4758.886999553537
ID156,A,3086.6199293024,405.14088019566555,7232.506004753341
ID157,C,2648.9782569684044,406.85129828730675,-2230.6924641146625
ID158,A,2125.441140324111,408.5465092034831,4352.938214050781
ID159,B,2706.4276412714544,406.71562840025973,5428.634255985918
ID160,A,2193.5494138944555,409.64084139801315,4552.123609045758
ID161,A,2747.468014942017,419.9372879519865,6151.623134958981
ID162,B,2864.2751321703877,402.94781754552207,5729.455468007594
ID163,C,2241.968495820094,410.6350563638277,-1850.5570291990325
ID164,B,2802.89600026864,398.6539645856916,5602.839250679721
ID165,B,2629.7828417798987,421.6017582317421,5249.446724416003
ID166,B,2758.4647126744208,389.854115469111,5542.980737958816
ID167,B,3096.372476276914,427.0141064936622,6190.63432280464
ID168,C,2422.8472902800395,399.3976307403349,-2021.9712018582907
ID169,C,2263.0170994367563,378.5383734682293,-1877.8609014560413
ID170,C,2220.3269265908066,401.92156622366184,-1817.8821310106753
ID171,C,2243.500316446618,389.7842251378768,-1833.3754788235722
ID172,B,2475.758378595361,412.6096532348309,4944.044964849909
ID173,B,2607.26191517405,390.21064031046416,5216.859119810947
ID174,A,2586.994616001058,393.3072485017783,5785.537958465906
ID175,B,2760.075467947045,371.656889035817,5504.310665759442
ID176,C,2504.08793712673,393.2154052112638,-2118.21376100633
ID177,A,2957.007024421988,363.64181010056564,7052.367581198554
ID178,A,2416.788994663567,376.2414576477141,5364.008069057923
ID179,A,3355.2509612838026,411.40621984216443,8000.4127328821
ID180,C,2696.716662769466,411.7870023797625,-2301.8054699537656
ID181,A,2230.5002817101267,406.3818634267745,4658.594261124963
ID182,C,2163.2996764878944,385.4953578530618,-1795.8609631232048
ID183,C,2651.694608555169,399.28432965787033,-2243.2896073330235
ID184,A,2429.740854242275,399.9459619136415,5290.4820301938325
ID185,B,2724.489570880243,382.62452966211185,5431.488523766907
ID186,A,2648.7910892834734,422.5509745265073,5829.907886293285
ID187,A,2477.1017926663967,413.1604343586351,5356.477329338927
ID188,A,2233.758785930556,396.68553739255503,4721.678764953923
ID189,B,2023.7154508537428,400.40328758491796,4063.516307059763
ID190,B,2359.610811462255,403.12574211921327,4696.719553288761
ID191,C,2769.2611551823898,369.37397697363565,-2398.506865258985
ID192,C,2567.3134166511304,396.29233926219104,-2172.942670935739
ID193,C,2108.3260919622526,389.77023628003303,-1710.499774764814
ID194,C,2554.4499787474388,384.9756998515763,-2166.9159193570104
ID195,A,2621.1480019184264,395.7834956067107,5875.50289574086
ID196,B,2222.1055472455846,426.96529790274286,4440.3824472631695
ID197,B,2548.3328560032905,409.61264291900517,5087.11340172494
ID198,A,2518.3014582392516,391.43231515325806,5610.654884614648
ID199,C,2140.637627267852,408.5887417203424,-1731.7931457634465
ID200,A,2612.4922624781843,420.99033154879004,5755.339417919638
ID201,C,2676.3167935069355,413.86950524369155,-2263.1752180290196
ID202,A,2840.523166067126,400.8944555488026,6508.596339254439
ID203,C,2831.32690020733,390.2959483344164,-2459.195524584268
ID204,A,2066.84567057505,410.4733497042038,4126.532587089059
ID205,B,2205.137541901843,405.9022807813262,4391.265452487621
ID206,C,2661.932725650118,413.42789830041596,-2245.299307537564
ID207,A,2661.539926931343,409.52757702522956,5943.08659594664
ID208,A,2661.9366303502775,415.74329072979003,5888.1191489774965
ID209,A,3711.340953137103,391.9714718265915,9184.905960047265
ID210,C,2679.494225600048,419.7609109845149,-2265.5300472357344
ID211,C,2857.034267314682,402.963994070386,-2452.3087571004694
ID212,C,2799.9485970635214,431.128913089379,-2349.473036435077
ID213,C,2704.8045396197194,389.6621827286565,-2304.3802851006767
ID214,A,2400.8758985089426,426.0394570474787,5069.208042514564
ID215,B,2738.6282306940116,402.9686617519397,5466.56215468304
ID216,C,2257.0152931090347,390.2287299457833,-1892.608347979203
ID217,A,2425.541637795191,392.7417124891852,5304.286511108738
ID218,C,2347.3963877131237,395.1947903770852,-1954.7351602019708
ID219,B,2525.7421256275125,406.3624891960287,5039.63809692921
ID220,C,3227.7539899010126,407.8425323205325,-2821.4865411855876
ID221,B,1912.9113841334824,391.3944999409213,3826.7449908624703
ID222,A,2715.767715742642,399.63468111608523,6146.431469865802
ID223,A,1992.9444771106469,432.13405537917794,3810.36312346617
ID224,C,2351.619455571248,425.9131475515107,-1923.6824519561367
ID225,C,2842.377987474415,406.54485504511047,-2430.5298446344714
ID226,A,2520.21034162065,400.570052172523,5544.695975070021
ID227,A,2161.145244691432,401.8004699007739,4491.364573127381
ID228,C,2275.1006840058226,409.2027695909562,-1867.0809720022776
ID229,A,2713.6729712260494,384.65811152202394,6217.9545515433665
ID230,C,2270.364736304677,396.13935193864984,-1865.7268112869488
ID231,A,2568.056949947058,374.97123889183615,5832.1132489571555
ID232,B,2514.328285300753,405.9883468390792,5040.0942102084655
ID233,C,2295.1297182147605,409.7079390955411,-1881.9762891367975
ID234,A,3174.079489560967,392.7522030655094,7551.128204859669
ID235,C,2699.3110795727803,423.60980144935047,-2271.3632358209566
ID236,B,1863.2730032937006,381.61351505496486,3712.8212920995534
ID237,A,2558.6232775154913,378.0343767968527,5787.000665031529
ID238,C,2291.9270914803506,403.3667772783996,-1888.9590740896845
ID239,A,2768.0143713006128,415.7064745391823,6223.013338918657
ID240,B,2250.8228048067667,425.25891537186806,4500.103159476266
ID241,C,2463.9256068835325,393.1167360569659,-2093.3910593725386
ID242,A,2658.7735281646496,416.18021250146944,5888.834823093711
ID243,C,2772.202909710486,399.4223729574894,-2371.666397939303
ID244,B,2122.6136710287847,397.4105905008877,4247.145618761539
ID245,A,2394.82914995972,413.25489906230007,5105.8808528765485
ID246,C,2350.671995360896,409.7848431762013,-1925.698658094318
ID247,C,2294.586137856266,376.3541176452363,-1928.6261183896036
ID248,A,3055.0781380247763,422.1481052458884,7066.127374251209
ID249,C,2627.3306829060057,420.7013703122118,-2201.5029802513336
ID250,A,2103.5642829653984,390.61655947735704,4349.855323791284
ID251,B,2788.585843184381,405.93705300156114,5598.475417080076
ID252,A,3167.2291377248935,407.4104527942411,7450.311507222398
ID253,A,2824.618379409679,403.91010648735863,6465.334455875563
ID254,B,2022.2934514925519,391.7454226923187,4056.5938908016196
ID255,A,2347.751507004817,389.9256494809292,5085.5788311008855
ID256,C,2898.3307330703574,399.6166889351283,-2482.004460534457
ID257,B,2277.5009737719865,417.5909352888905,4552.001389368786
ID258,A,2639.5416863115097,408.15400231891647,5881.319370891305
ID259,A,2743.5534256383103,394.4407850187084,6261.580213886643
ID260,B,2208.5629134403007,411.57548065972514,4415.514121982955
ID261,B,2481.2845764822628,357.27186069054886,4972.298852242443
ID262,B,1480.91006896922,417.23148550558153,2971.3420025850664
ID263,B,2177.921312490719,373.9042933183285,4334.86024130258
ID264,C,2420.589808559777,394.563385878953,-2010.374339766286
ID265,C,2107.683309201262,383.2049515806078,-1744.4282614770823
ID266,C,3013.2479825320747,380.57977786418644,-2620.2776502157885
ID267,A,2050.3478962648273,417.4124018106778,4077.5021413830236
ID268,B,2361.6451966011086,392.9844819803216,4710.1987960396345
ID269,A,2541.106268601271,405.19755822596073,5592.401243218555
ID270,C,2953.1520984380118,399.2961913168122,-2567.1243631430307
ID271,A,2048.5492225445437,407.1556124083468,4107.290553228432
ID272,A,2865.711415811767,401.1523283659038,6587.676194195552
ID273,C,2503.217386396909,380.75511663717145,-2113.1063433725058
ID274,A,2191.4029363954733,414.9440022917071,4515.21250268132
ID275,B,2645.2903905501375,392.5936512525803,5307.328986829754
ID276,B,2562.586547220339,376.6512715201037,5118.427078121738
ID277,A,2311.2852437731253,393.5782725855113,4963.453705906885
ID278,C,2521.946539583115,422.51139685951466,-2119.6364010302514
ID279,A,2378.85318745639,412.7533261317024,5063.122490912703
ID280,C,2535.691095921889,394.7702179838821,-2129.3426583408373
ID281,B,2708.1811318336477,394.7611344352236,5435.7492575498745
ID282,A,2998.6610477322674,395.17547423173926,7005.293585575546
ID283,B,2110.817257887342,431.1512197534126,4214.524944664849
ID284,B,3170.649041438983,405.7290317834733,6340.981213794459
ID285,B,1886.2422280357105,406.45062470786604,3775.8463899772564
ID286,A,2452.2771046623952,415.4542518104776,5269.844812695738
ID287,A,2684.9733695116342,403.5818373853977,6042.099654141483
ID288,C,2588.346918987621,396.11436781268947,-2197.9186233397822
ID289,C,2304.216454822469,397.05475226372533,-1907.3351298092832
ID290,A,2434.5640863557874,398.925981108789,5315.617764499461
ID291,A,2344.9951096940763,399.44166645235237,5037.854064058198
ID292,C,2314.6972691572396,410.9144431545547,-1909.0194566890038
ID293,B,2767.1241991530114,400.7791882871095,5532.933080658913
ID294,B,2612.2495767230625,410.9896011582337,5223.438797935661
ID295,B,2282.1416385759476,398.78925129837125,4559.84314479331
ID296,C,2782.8440479676797,401.17952785474137,-2384.7700728649434
ID297,C,2596.6183331021566,370.02698973201836,-2207.4075773240816
ID298,A,2755.5727478522263,413.7449151205372,6204.724701329288
ID299,B,2697.9621998959365,405.1973271384699,5392.378635975523
ID300,A,2239.3548942842117,414.9701516478948,4651.57737746729
ID301,C,2323.8729491511444,356.55616932709466,-1971.3226137011218
ID302,C,2734.9572894189528,431.32562057171094,-2289.554173196202
ID303,C,2691.907092640675,397.9061555776724,-2289.565230756625
ID304,A,2493.42831006624,416.62274225106273,5395.883593215357
ID305,A,2536.889013592325,384.401411093117,5694.032588421114
ID306,B,2901.711828713804,409.1916085759385,5784.573143602786
ID307,A,2314.0034799364494,384.19876655239517,5007.4953974204545
ID308,A,2672.0134052354388,390.64346558956294,6048.4957876817125
ID309,A,2436.4284168490103,428.7104703080018,5167.4482161441865
ID310,B,2431.558646939997,397.1397639885498,4883.9074738738145
ID311,A,2845.46746961205,403.26149309769585,6546.870545101983
ID312,C,2759.5199352312493,413.0510159603313,-2338.8123060536286
ID313,A,2755.776334335661,407.43522831958904,6236.162995108372
ID314,B,2910.4568269017573,402.2562835771536,5799.300960993682
ID315,C,2506.603837719987,405.4744150369934,-2107.641508279802
ID316,C,2714.413478916679,436.0512337785741,-2287.815650161004
ID317,B,2402.4487355087376,399.13571804449623,4797.447299838462
ID318,C,2601.921449587341,403.0164857007245,-2200.922689709634
ID319,A,2459.0815991448358,415.7598159401142,5292.78063080157
ID320,C,2530.496593123536,416.58288899436974,-2137.665301853676
ID321,A,2687.123883459753,417.8054545834057,5981.319300535641
ID322,A,2242.7424608466304,409.58095333043775,4667.449699578825
ID323,B,3157.869463005337,382.85492630904275,6318.609888380008
ID324,B,2183.697123265849,424.50147298451645,4392.283238568697
ID325,C,2118.2458094808558,382.8048191047197,-1746.4736054751731
ID326,B,2864.122735453235,404.5395319785855,5697.882020633514
ID327,A,2748.9074166196783,388.68586224970966,6299.860887947924
ID328,C,2696.230102173883,399.03792480110513,-2283.980661752795
ID329,B,2697.5587060603243,404.9314361545522,5418.617581571296
ID330,B,2496.14948056224,404.8203582317541,4977.544365991052
ID331,C,2217.8934041475654,406.3288113135293,-1805.604202155198
ID332,B,2523.8337828621743,424.2056690358797,5042.083840242988
ID333,C,2287.0929456047716,406.8030145227097,-1881.5613113337115
ID334,C,2806.5883179677094,396.33765047064026,-2378.5185473328647
ID335,B,2453.763549547447,414.4613075243254,4889.491455154152
ID336,A,2240.4546453340517,417.8420573338696,4635.198525270743
ID337,B,2398.9527734551393,381.5858827729451,4803.5178649714635
ID338,A,2629.8301692230107,408.96100104774786,5857.7149383295655
ID339,A,2322.7588299997747,410.51759113466346,4916.864332167657
ID340,A,2241.4849075078027,395.5365474496001,4750.468591749456
ID341,A,2576.6179267234043,420.6356021996743,5621.97598636278
ID342,C,2577.0201713909582,397.7491661945121,-2176.0414819015045
ID343,A,2340.6115166006393,401.88364680207314,5008.298008485583
ID344,C,2351.9004006700657,397.40392263574194,-1947.037615356051
ID345,B,2572.9590403525463,400.233685713722,5141.482756672569
ID346,B,2044.706432122994,383.55587369657195,4093.9380689728146
ID347,C,2057.4779830635143,378.3992367610856,-1679.4299000666485
ID348,B,2274.113272658958,423.9175759483746,4561.739148327182
ID349,C,2432.8898790828816,387.29557977522506,-2046.2110239907183
ID350,A,2597.752741856667,385.12911475815537,5846.336262160741
ID351,C,2963.868144040507,367.69914829594427,-2581.025937735995
ID352,C,2769.657573582994,390.41557378465745,-2390.1107874086874
ID353,B,2449.713575472574,380.1536530988875,4891.581954881362
ID354,C,2494.0210960816316,424.63022740204553,-2076.538804208108
ID355,B,2184.7937939474923,415.1472563401395,4386.080845013034
ID356,B,2494.179267396917,389.67774482233415,4962.73044422609
ID357,A,2409.2425642303565,433.78653708016463,5096.447989694166
ID358,C,2601.4662478875584,414.7264823048739,-2174.067083873892
ID359,A,2239.90953637496,395.12752924737066,4746.769829857577
ID360,B,2663.288228908583,362.5089142768964,5325.91772980977
ID361,C,2981.9098917976644,434.3641385888611,-2544.1191043105114
ID362,B,2465.8046188231315,379.15641299854605,4937.862706786815
ID363,C,2626.302562614086,375.3190187956466,-2243.240956787039
ID364,A,2716.988825395438,415.3385564801446,6080.940947377633
ID365,A,2373.8518918301997,436.5962860950891,4939.649213190217
ID366,B,2570.4571292252085,420.76409227765777,5138.546197406729
ID367,C,2503.959188643772,408.45863680078537,-2097.3158312468286
ID368,B,2530.7104345584044,408.9213151249793,5059.081969752577
ID369,C,2256.95726249517,412.8012333817046,-1830.5507879510608
ID370,C,2507.7062670784094,411.3839288468015,-2089.1996575642374
ID371,C,2656.576113918439,404.21787135954065,-2287.64290617487
ID372,B,2956.255434688115,401.56301655927814,5920.381678694587
ID373,A,2801.605248018258,399.06110308150716,6411.847062983863
ID374,C,3176.9841336430386,388.69053116699985,-2788.5181075533897
ID375,C,2258.737526746697,395.7898738469984,-1867.609874336765
ID376,B,2774.2671567145267,374.6056477870692,5562.023666068885
ID377,A,2557.6447334884015,398.52490559807876,5691.679990020284
ID378,C,3188.4980120572964,385.17113339273624,-2812.6014106784437
ID379,C,2245.8621713513685,383.44616024176344,-1857.5313836641105
ID380,C,2235.982261119254,402.69841226730216,-1844.9437296664473
ID381,C,2311.544391246392,420.88003429516897,-1907.2197749286902
ID382,A,1832.223935851794,413.7747490900347,3420.277455410129
ID383,A,2334.696866204096,376.44249094565237,5132.226865552619
ID384,C,2261.320381647543,385.1555779514449,-1864.727303151585
ID385,B,2547.2854526971014,414.1115678198232,5100.727930435371
ID386,A,2607.4518196875056,385.2626890969253,5904.743163020066
ID387,C,3089.8886486474557,396.6305027500446,-2687.0640064520317
ID388,B,2798.82365818254,408.2507814853683,5589.949537222405
ID389,A,2318.6151758009955,385.47483317704547,5033.654432053846
ID390,A,2217.5285931700014,401.5806325921894,4654.287530851789
ID391,C,2654.664772129719,379.9896175762269,-2265.623658595729
ID392,A,2084.9042282767887,390.9794853407318,4314.082218584403
ID393,A,3075.830683358706,404.79672901213803,7212.008051181841
ID394,C,2870.8288842521633,376.10509399702494,-2490.5064117646393
ID395,A,2352.4860393235826,406.607121069406,5037.264315483515
ID396,B,1961.3717518714561,399.7054330160998,3922.4252486319238
ID397,C,2925.67229409201,408.28734931625723,-2527.9674405904852
ID398,C,2463.9874188852687,403.3587120109699,-2062.5855104416237
ID399,B,2889.1829977748544,420.4621064496077,5769.427163812032
ID400,A,1998.6944912727586,401.8783675397186,3978.58949681999
ID401,B,2311.549931950224,393.5589168831212,4621.365639851862
ID402,C,2501.6486765895825,401.83446254548426,-2109.3232530960977
ID403,A,2514.771212935023,408.1494704355458,5499.870748271671
ID404,C,2358.494489294628,400.7329010548856,-1980.4849642431877
ID405,B,2695.830836522424,400.60887536805825,5394.221197533323
ID406,B,2164.328450696889,389.47012468289864,4328.671367098124
ID407,C,2455.234331405858,390.0564862367358,-2074.9829087419403
ID408,A,2537.822263381079,378.9609209230046,5726.573133549404
ID409,C,2661.745200539155,426.2436511478041,-2224.2507077398323
ID410,B,2723.7395070955886,381.34205146913075,5428.18829581875
ID411,C,2146.400215854783,389.6064220330614,-1765.9464911645161
ID412,C,2017.6577121173254,389.22389101646206,-1637.663529298311
ID413,C,2901.7155784133593,413.4238656541666,-2499.570549972499
ID414,A,2604.483162916647,395.5757548256196,5845.5244127250235
ID415,C,2264.6676398804457,418.716131090106,-1848.2774224556133
ID416,C,2987.699160205594,389.897640636342,-2600.9756976649796
ID417,C,2536.369371210524,404.18491243335706,-2156.230807150048
ID418,A,2870.7839434024554,387.46979420110364,6682.627875564359
ID419,A,2521.228549620984,432.1772369166008,5387.928363541705
ID420,B,3147.921704784479,382.18602371455734,6296.562601132154
ID421,B,3051.89837504204,404.6473106534054,6107.125273339578
ID422,B,2421.7229465258274,409.50665321398145,4859.773796201719
ID423,B,2805.4725419158062,406.2069864617725,5595.239239042183
ID424,B,2702.9132629145106,397.2206851168344,5369.592379959171
ID425,B,2930.3127428984203,398.05268950399864,5862.831680333885
ID426,C,2196.6175018221097,400.65717207968663,-1774.3541955642927
ID427,C,2715.702088627616,397.79496997557266,-2303.03976241677
ID428,C,2832.78024431081,414.4581867519236,-2415.8061445755907
ID429,B,1947.0330540886991,433.15784502387027,3888.1664739498137
ID430,B,2127.9705715238993,391.6376232248825,4265.626614207446
ID431,B,1858.8430816246705,379.4529553063138,3706.0036088528873
ID432,B,2415.295542290111,398.6757692747312,4836.307377812496
ID433,C,2725.6031395285013,438.69564006481477,-2280.841857553687
ID434,B,2972.357502165039,387.94488148045406,5957.437523220065
ID435,B,2523.296210014605,424.586752081661,5079.708340496143
ID436,A,3012.0545545547425,425.1655122111466,6915.045094214639
ID437,A,2066.080994776037,391.69617637438006,4233.654538947721
ID438,C,1964.4379156319474,408.53474618777915,-1556.2100611904723
ID439,A,2482.535195434923,424.42594934692806,5304.24692871146
ID440,A,2620.754381174409,394.31308388518767,5882.36116652422
ID441,C,2489.720413318462,396.9462945984646,-2097.6855079773545
ID442,C,1849.9735732706117,391.27478629077035,-1464.9878477550565
ID443,B,2471.9796840582076,384.778649039607,4945.78762658082
ID444,A,2089.8605101568337,390.2608368240099,4308.408307161865
ID445,C,2710.552379670684,381.6408959985662,-2315.459115664224
ID446,B,2615.262501402578,400.5112520238884,5230.527487584174
ID447,A,2204.4915071383293,388.4504015341204,4671.110909890722
ID448,C,2338.4346163385303,403.5067886768612,-1938.8625642598242
ID449,C,2166.971674435939,376.6615653069456,-1788.4478209226854
ID450,C,2480.293005724166,404.96320348321683,-2065.4286230649373
ID451,C,2800.307200671526,412.50293442413385,-2398.209828835923
ID452,A,2190.076941152924,370.09396536142816,4711.863598782729
ID453,B,2658.477741834291,405.6108485477136,5313.310771323262
ID454,A,2333.2812005182514,418.4150348870994,4891.617976037579
ID455,A,2250.7121026526643,381.8553847196319,4833.028290043176
ID456,B,2466.348483262733,425.08858580256555,4926.9823160429305
ID457,B,2174.5084819408876,406.28528514049066,4359.509634050328
ID458,B,2325.926598085095,389.42482216362384,4655.003932118213
ID459,C,2123.374078450545,399.1634638351344,-1721.887535679
ID460,A,3117.731087913142,408.37490368782585,7321.529520846312
ID461,A,2511.0872467391114,401.14008087118617,5525.912874400611
ID462,C,2279.9986410052047,408.08133988669556,-1867.2317229193625
ID463,C,2567.277626185399,386.18989610380953,-2182.3263911167796
ID464,B,2464.682831620483,402.54041236054115,4932.550011433761
ID465,B,2430.524739146197,378.7942825464253,4854.056374401055
ID466,A,2693.1007332382887,398.3316090797695,6058.378348416701
ID467,B,2738.168715811927,386.44138537802814,5474.726081677619
ID468,A,2333.204632260096,388.9670508611535,5071.851620107719
ID469,B,2318.9564421636546,418.5413976281566,4649.027469154208
ID470,A,2413.520735665638,416.36965180891406,5170.298717767438
ID471,B,1776.2507886934472,409.13707181360763,3567.335146048569
ID472,C,2023.6073445760662,383.6153085299113,-1638.9281449546177
ID473,A,2929.760231659294,395.25387325457797,6815.37911719386
ID474,B,3017.1958551447838,418.19646549968775,6026.979887544356
ID475,B,2421.700343184194,402.1257537045986,4839.607812096064
ID476,C,2681.2758202485375,434.7899430997254,-2239.0966233515583
ID477,A,2597.860455571163,405.8997675909156,5778.529142004938
ID478,A,3468.033827988337,402.88073674735045,8388.024444920087
ID479,C,2852.0066071604388,395.3632530369625,-2462.0456253016932
ID480,B,2459.7813090366744,402.0031135717342,4919.568953579628
ID481,A,2199.567626011418,397.71295245429184,4617.3525967499445
ID482,B,1994.9156925509724,410.6216301503289,3972.5051273083423
ID483,A,2563.97119425477,414.35053475191876,5592.60673756707
ID484,A,2262.19504657384,388.21015809238077,4838.927907065718
ID485,C,2052.8278655375348,380.0315056966333,-1687.4449089518714
ID486,C,2296.710407727415,372.45691940345057,-1930.3511706957318
ID487,B,2159.949468905461,407.61986990368814,4318.125573985112
ID488,B,3030.4557977277545,383.4495009073919,6055.472614547233
ID489,A,2777.1971901226952,367.7066411057128,6510.4879752531715
ID490,C,2497.493314300538,405.82867906796446,-2087.7436980573457
ID491,A,2965.310636918553,437.39499276149184,6712.5626392635295
ID492,C,2524.325442807473,399.9089363269016,-2116.9500207520505
ID493,B,2229.2028193790347,412.5773616167746,4444.7396413447
ID494,C,2978.886882198053,401.2274403782135,-2565.1901003707962
ID495,B,2669.439216710427,398.5166552021329,5337.969261982428
ID496,B,2173.8784552551087,413.7861472448165,4355.802677917112
ID497,C,2440.1554361398094,395.64588183717024,-2057.371841099121
ID498,B,2224.696036510167,404.0108847110785,4430.74696782814
ID499,A,2065.2326282879844,404.8254670929402,4181.385225295553
ID500,C,2791.2003589978985,389.97864319535427,-2396.704801489374
ID501,A,3100.341492474441,414.88063524304783,7215.796682555794
ID502,C,2060.275045897676,397.37560364956886,-1673.3353992234036
ID503,A,2677.0036903463874,388.66382260760736,6101.197175414102
ID504,C,2295.430854254089,408.04764765355606,-1901.6561493149409
ID505,B,2346.8424472096995,386.52298027313446,4713.396969858471
ID506,C,2313.7448658021594,400.4227173605369,-1924.129597257397
ID507,C,2228.351844662875,399.8632150503369,-1820.8279265052374
ID508,C,2515.2557309495924,416.2884334874737,-2102.9107191711064
ID509,C,2238.7401877176544,407.1204734931993,-1824.3814650514669
ID510,B,2585.0345864790365,399.62459561882287,5163.539804932703
ID511,C,2484.204588476634,412.2664944880043,-2073.891608861497
ID512,A,2424.8721185103354,420.8531132352597,5170.841819459457
ID513,A,2214.6520503500633,408.36715459527795,4590.094128604422
ID514,C,2318.656780259018,400.1552892976507,-1909.6115988163258
ID515,C,2737.5032700053744,380.3224565147476,-2363.339376288286
ID516,C,2657.4938468905757,384.0232950538694,-2276.2137508207866
ID517,A,2192.6459305947583,395.42162943467997,4588.897452115573
ID518,B,2531.2311641306455,390.85731696761076,5031.7143243557475
ID519,C,2736.2443363644466,397.1954304552183,-2341.3412390604303
ID520,B,1975.1207060988238,400.84974887345663,3979.1927972570024
ID521,A,2670.8383921720997,407.94539131535095,5982.20347139432
ID522,B,2291.663837025832,398.9425183291136,4583.096549494851
ID523,C,2679.402467249266,407.297524657393,-2275.2596325423724
ID524,B,2260.022966453934,400.9671162221518,4520.315523621613
ID525,B,1932.525311088441,370.36800150469196,3871.6160515589845
ID526,C,1988.2828422487748,385.9099690927187,-1616.5426269397622
ID527,A,2515.11843357411,397.8386866641758,5569.533727737477
ID528,A,2581.6595974958504,381.8545788573834,5844.290473985929
ID529,C,2215.6729543055835,408.9989309499431,-1798.0557946471451
ID530,A,2700.7804591516174,422.96126248515543,5992.796773894792
ID531,B,1977.5999052186025,418.28142777545975,3955.4352103295328
ID532,A,2479.2237879876375,396.7983569360469,5461.75391411428
ID533,A,2119.2432508616275,422.3608920527493,4253.027061926033
ID534,A,2295.0555926283705,402.2300118580317,4869.768230063661
ID535,B,2514.902661093597,394.9437104332294,5022.922100912431
ID536,A,2229.476619763645,390.7989600468859,4735.6573345996485
ID537,B,2379.091527501608,395.4629547026781,4776.771296821159
ID538,C,2816.3894742225307,394.1773477218816,-2437.081411408496
ID539,B,2318.6188814921898,402.5562433356323,4619.627459795351
ID540,B,2762.7507476224664,402.40860971574796,5527.478625339771
ID541,B,2144.807798984734,400.04569030230124,4290.22625039174
ID542,B,2666.5762328386027,406.55407254619524,5335.2325656496505
ID543,B,2953.2449539232052,417.85969412179514,5909.417346221312
ID544,B,1722.887914233681,414.24331203161984,3443.097401411744
ID545,A,2249.4474087660856,377.72653047325144,4877.587935195224
ID546,C,2681.4377934884164,361.69118297647066,-2338.957458253664
ID547,B,2436.1603080681825,414.0147986685891,4862.3786518390025
ID548,B,2616.692325196559,379.4968195237687,5232.14559327133
ID549,A,2310.100446000014,396.62851897160976,4927.440477408143
ID550,C,2527.2247770039994,382.4483046091096,-2146.8867252480745
ID551,C,2451.053373130463,372.9702934362997,-2058.1454377054274
ID552,A,2867.163462872678,408.1219409230718,6561.131321862225
ID553,A,2579.9926980559094,411.3873274045397,5685.809868013654
ID554,B,2606.1459723969247,391.3523439890992,5197.169967611779
ID555,B,2370.5013733948995,361.13436561782635,4733.606409893325
ID556,A,2346.6912657535904,391.80633327621274,5076.53977431582
ID557,B,2363.9989709141046,405.8770600810382,4724.185360667135
ID558,A,2624.020071285658,377.81632646838807,5998.3583070550785
ID559,A,2367.637871081931,402.7503987966873,5095.853911991057
ID560,A,2591.1083869196445,399.7703522624051,5761.135903963664
ID561,B,3152.528728687876,408.6893724940163,6308.015514716936
ID562,B,2773.891142197636,401.7937055262123,5553.760945377233
ID563,C,2397.4946327925372,385.4039658867767,-1998.4088784435055
ID564,A,2877.6748057644577,417.94857252496735,6562.248042907357
ID565,A,2371.6966358785357,397.62205640459547,5114.798495310696
ID566,A,1859.1913365769215,399.59043190735105,3569.891560059485
ID567,C,2183.0466292101664,386.0009806139021,-1812.1365829032397
ID568,C,1911.8025421097936,393.35076623212734,-1521.26001418695
ID569,C,2389.4803129073543,386.72795928959647,-1997.1560531244018
ID570,C,2505.790940027051,397.40580910114863,-2096.537116726833
ID571,B,3027.0902414694483,425.67562720213516,6053.269070655187
ID572,C,2602.789544898908,379.4214828560297,-2227.206232321936
ID573,C,2431.1123954410145,375.79657903184886,-2053.494720502181
ID574,B,2760.7741935001304,422.06755491240415,5511.5266721807
ID575,C,1804.7948554874379,396.86014484272204,-1382.8602459843785
ID576,B,2574.0797961354183,389.96390892010123,5128.86765994542
ID577,A,2742.3684549437867,415.59857031094117,6151.329400223404
ID578,C,2035.116299538955,390.91576690394703,-1619.9172580042523
ID579,B,2859.6087908574323,427.39014570320404,5719.299179849584
ID580,B,2606.426975739773,410.16888807008905,5210.5734830595275
ID581,B,2369.428934076735,392.68132887781445,4734.568523079745
ID582,C,2698.9535452123614,432.35962319898255,-2268.7586221945276
ID583,B,3213.930689778478,390.9142761549499,6444.335561253075
ID584,B,2557.1807413209053,411.1314305801396,5087.819139705856
ID585,A,2578.043269386054,404.4893887060974,5730.0840690432315
ID586,B,2355.5719049633444,419.52611934098195,4694.056324097287
ID587,C,2232.799627738724,423.4226679509028,-1812.5767877386343
ID588,B,2761.0666696800236,400.4800622359865,5516.982406316463
ID589,B,2230.8378743348453,388.69873194480726,4468.738387906939
ID590,C,2522.501208354658,406.89958214408676,-2134.7791184331763
ID591,B,2349.8192702395763,389.83426945371843,4705.184612472136
ID592,A,2650.5965001870604,430.20080871289935,5825.077172476126
ID593,B,2604.907018208876,402.0480299662411,5193.455948362638
ID594,C,2826.2139155151976,394.5201767303184,-2429.4172647735545
ID595,C,2339.645261497506,402.77020458797364,-1944.8188430430916
ID596,A,2415.148366259354,379.7931056570545,5351.590216967105
ID597,C,2192.265974089393,385.42578942234024,-1806.6104113380636
ID598,C,2360.309335743112,418.0062086191664,-1950.0009700324774
ID599,A,2618.627404991149,390.1465858154291,5911.003753314754
ID600,B,2738.0055071642923,384.2963352597709,5497.663191646026
ID601,C,2210.061127942897,408.0497912879093,-1804.3021821557154
ID602,B,2773.4136200951416,417.785562319945,5555.464335496062
ID603,C,2926.2273817878936,410.784299659976,-2530.9623576223717
ID604,C,2629.9884590831007,414.94071528708724,-2226.5249803178294
ID605,B,3090.0851471072724,388.64807367145806,6185.839169549109
ID606,A,2256.7122058095897,378.67283999887235,4894.581809776838
ID607,C,2108.6669371346156,422.5200047793323,-1681.8795721698555
ID608,B,1940.7508836527245,395.159802417368,3877.745070939171
ID609,C,2970.3727074182075,396.2375047531743,-2574.1437057999533
ID610,C,2705.7397251250977,419.92291212773586,-2300.8217058049986
ID611,C,2482.5235710290726,408.3434501410099,-2066.9259369717984
ID612,B,2588.025200686151,406.8383165812241,5186.638398120183
ID613,A,2146.1339237871202,432.4750351735163,4270.601511499783
ID614,C,3268.9711938950986,390.3472265442979,-2884.2644731239147
ID615,C,2540.6285540840468,413.91760192121853,-2123.5204134070036
ID616,C,2534.394920872726,400.8551968734563,-2138.7803608317568
ID617,C,2728.18897088495,404.02888418294884,-2324.953678077511
ID618,B,2651.2345676445466,422.92702639618796,5327.665796759092
ID619,B,2570.3915878955704,407.61753634434433,5137.818867382189
ID620,A,2251.466178576868,408.0744411857445,4709.726247977627
ID621,A,2648.234812234488,416.08761005964703,5856.4958847376065
ID622,B,3091.7291025645877,394.5257090568567,6192.388508787175
ID623,A,2923.014789645302,387.4118549899149,6829.810403907713
ID624,A,3000.9153146332274,384.3278620896845,7073.314156991401
ID625,B,2339.268195500033,370.50465115936,4694.392039387342
ID626,A,2188.857412173982,430.8431069491048,4429.391937830585
ID627,B,2460.4512154414906,383.45187451417473,4913.697348094117
ID628,C,2517.5205223953453,396.68119564621344,-2143.2378061654595
ID629,A,2844.025790562916,395.8478005016662,6564.92853345846
ID630,C,1967.870594490563,404.6111004671365,-1571.4750519325464
ID631,C,2980.9073630853313,412.23605818808943,-2559.1837977072887
ID632,B,2450.320587112771,412.9071023253962,4876.999928413
ID633,C,2365.783918915559,391.2538384214659,-1963.8189124345013
ID634,A,2181.783305798572,397.4931742932038,4543.349982778329
ID635,B,1979.694948099661,404.23869925732447,3968.15906562812
ID636,C,2758.813842124617,396.2696331072468,-2362.3729322033328
ID637,A,2523.0519714315683,424.1101836402999,5437.157723060445
ID638,B,2094.42217304991,407.36462427457377,4183.959910344698
ID639,A,2092.813057970833,411.02316679074727,4231.559161442243
ID640,C,2394.425615002348,409.94321903001116,-1983.2116625349538
ID641,B,3024.7586368669636,417.60210786227987,6056.530229499597
ID642,A,2418.381637612254,402.7153233805556,5265.28558294817
ID643,A,2027.39540195105,380.5475207806623,4160.677702609306
ID644,C,2422.7356907174153,405.99531927628965,-1997.3338205415023
ID645,A,2414.2527244054177,390.22964659312254,5292.862211500918
ID646,C,1652.0693190045258,392.0707497737536,-1270.78397781065
ID647,A,2482.929099648478,408.7954602813264,5388.846234029934
ID648,A,2427.3916558644705,418.57424607150455,5187.034292546564
ID649,A,2718.894901858289,400.3190736510409,6166.149138662756
ID650,B,3081.332035152842,404.6324951889845,6161.133480861154
ID651,C,2854.2043768099197,425.5332241695286,-2410.5372934774227
ID652,B,2415.458452400708,403.61129769232855,4813.502796520797
ID653,B,2152.096142122208,439.0252467127059,4304.047216870264
ID654,A,3309.09249045634,408.48264468447314,7869.835526613697
ID655,A,2518.6189238664556,373.5885586126627,5692.277561127553
ID656,A,2504.379521849182,411.300124316568,5467.280592645874
ID657,C,2492.4148085364286,405.71737577324166,-2091.7465742873596
ID658,A,2562.2800170456967,419.3462913112412,5558.858028301359
ID659,B,2454.6115063041943,410.0977202690494,4911.610390369947
ID660,B,2319.634385661597,397.9231602402434,4644.509633943997
ID661,A,2328.0615628884348,381.6355264556595,5080.858593446547
ID662,A,2489.7020133227447,396.8646511407096,5499.612170566552
ID663,B,2329.141303560809,387.2421931868605,4645.429962965829
ID664,C,2275.873483028224,391.29214825292917,-1876.4187415098897
ID665,B,2533.462828584764,408.82867606630913,5081.235747319263
ID666,C,2419.832371830735,425.04856756527107,-2016.1268552735423
ID667,B,2972.871858503608,405.9200729473447,5949.579538918244
ID668,C,1666.5060743979411,382.0617540694722,-1290.494478300561
ID669,C,2843.18170201338,406.6690400233021,-2437.4909340672975
ID670,B,2891.782824323841,417.94947229968477,5787.737766450142
ID671,A,1848.1034153450341,390.8532564352093,3584.197221089693
ID672,C,2392.255269320363,397.98974249990624,-2002.374023770396
ID673,B,2383.214925893278,400.220322920938,4766.839680796413
ID674,C,2057.462916383678,388.2265253037664,-1682.2833423462653
ID675,A,2255.445919343795,409.72420650765787,4704.686823946473
ID676,B,2150.8227976850244,398.18577777088325,4309.7980747655265
ID677,A,3050.933007981316,406.2929866586054,7107.548562229018
ID678,B,2794.187528856943,386.6876173329685,5596.370807724797
ID679,C,2899.7908404654518,393.4381254951488,-2500.801619456056
ID680,C,2726.9015964468354,410.83572036741657,-2336.775556824906
ID681,B,2145.0137643890166,394.4075027186235,4281.896752950005
ID682,B,2335.0850868179514,425.90445776850106,4684.499486472471
ID683,C,2653.8647188045124,394.00545721578095,-2271.6332479624075
ID684,B,2115.749639322269,403.37027088627826,4225.926427496825
ID685,A,2724.1745110151724,413.98886247809634,6108.123951374058
ID686,B,2424.43906418756,378.72451400600454,4858.278814486511
ID687,B,2382.1522352715033,373.58786782028835,4761.286003910473
ID688,B,2723.5335962588947,377.11515528144855,5439.89707018149
ID689,B,2639.6812480923486,418.9387615514077,5296.4309345250795
ID690,B,2386.5082862861996,391.7221278116133,4793.8833685379705
ID691,B,2864.50598034509,438.3729892850238,5740.758257299562
ID692,A,2160.101856349743,391.5362860201392,4523.6479566593125
ID693,C,2693.6568969305863,402.7682695479555,-2300.5878160423217
ID694,C,2686.477527664962,423.13164928851813,-2273.311211255123
ID695,B,2402.6752111460837,430.09139332238686,4811.620591555356
ID696,A,2602.5397920853075,430.922553649546,5658.027386658857
ID697,B,2106.6361967405624,418.12549345889715,4230.091576596482
ID698,A,2790.5242093526513,415.36093788717193,6302.573339732529
ID699,B,2441.864744340677,408.88790423801777,4865.692525060236
ID700,C,2335.6501605580006,411.67541614249956,-1911.351373002826
ID701,A,2829.8199831878064,391.732214255072,6518.822150760287
ID702,A,2278.5466338602328,387.7270167486654,4892.397162573942
ID703,C,2057.164351231801,399.94938313883574,-1654.2125656179448
ID704,B,2010.5787487886855,397.44723066212606,4045.1055074547785
ID705,A,2690.5361621629254,393.20157926009085,6142.919612860386
ID706,B,2097.4189958371603,410.44581171185075,4202.118668383955
ID707,B,3051.7264990099675,414.32957812855767,6101.25463859529
ID708,B,1845.4186051046436,401.32610329437773,3697.251277991054
ID709,C,3033.3844518115498,422.1629512158289,-2600.569635485235
ID710,B,2566.34620151179,382.8746632879974,5128.844391516894
ID711,C,2469.592338994268,397.09510811080423,-2050.954694612516
ID712,A,2328.6714743555667,389.24766519095795,5042.536946222207
ID713,A,2625.492763345549,372.0019507439041,6022.441453386224
ID714,A,2488.1672376035217,398.7597897123595,5478.69385527342
ID715,C,2846.8901885848104,398.17378737425076,-2443.6573618831862
ID716,B,2535.9144230893107,422.70174614863197,5081.896132184257
ID717,A,2547.256519025279,409.4621752683217,5587.051642495665
ID718,B,2385.676340335731,384.6371976350619,4764.653059624109
ID719,B,2482.095672568258,427.8113884950128,4950.989494340856
ID720,A,2596.7762453758833,418.3155054328803,5704.025223730691
ID721,B,1962.304337634081,408.73146555202925,3933.9559133103076
ID722,A,2076.11574588564,396.60273851725253,4250.826819464481
ID723,A,2733.6903670214137,385.6084114491478,6293.122953018673
ID724,A,2553.7219640616368,394.4168983589342,5689.0142481642915
ID725,C,2442.15362514637,416.33122929556276,-2017.797495983697
ID726,B,2505.79583033587,428.26879458901914,4998.491250158068
ID727,B,2609.283492838032,423.14865292408285,5213.921789246371
ID728,A,2330.2936482345385,392.6672586732059,5035.891104428376
ID729,C,2255.292474913757,383.20573850066484,-1861.8975110841743
ID730,B,2561.575891949088,402.11329370366803,5119.624180526206
ID731,B,2192.3888893284416,373.47340951655724,4383.918587634586
ID732,A,2628.3591351817713,404.8475157127717,5842.625342021285
ID733,B,1964.6890781369789,397.78596120552,3925.0938058642782
ID734,C,2823.577797640036,393.0094524719764,-2419.883747205822
ID735,C,2648.5898215811367,376.07945399099805,-2265.60790739686
ID736,C,2580.4985510014103,407.70400159854574,-2166.78656074629
ID737,B,2808.9688020094823,392.00948740507135,5618.534888265136
ID738,C,3023.643395828227,382.45124746434567,-2641.107390460343
ID739,B,2818.9290518618513,356.91606680077524,5629.934250050022
ID740,B,1921.208991232384,399.58727642424043,3850.8039235071983
ID741,A,2097.686995250607,426.5837739500462,4165.193791334264
ID742,C,2303.550199831073,424.91888821821806,-1872.7270854369413
ID743,B,2508.203311782148,393.1435561512059,5010.094205452285
ID744,A,2662.757662395135,390.9668190945733,6007.598776674083
ID745,A,2271.818201063039,407.03161384112536,4793.462366524534
ID746,B,2558.7215151236896,385.0242184121756,5111.6969807752785
ID747,B,2262.4993375531403,404.526878497292,4514.645365937763
ID748,C,2307.73210898985,411.49120417577035,-1887.919157871112
ID749,A,2057.7303536646295,418.40399835826463,4076.466917523536
ID750,B,2209.7253615974687,398.4976888528007,4432.169959803497
ID751,B,2075.0155642874056,396.94489374734553,4157.435199969732
ID752,A,2193.17476723464,386.83026119865156,4653.5758275890685
ID753,A,2831.2765141468853,387.5967946894021,6539.45410045924
ID754,A,2201.498597113614,396.6028166214771,4636.025036058092
ID755,A,3327.6497355644324,405.5104826022427,7958.5318000568905
ID756,B,2655.1045479556897,413.70376939349876,5305.777770240425
ID757,A,2558.114500528732,387.9523157397948,5736.302584495329
ID758,A,2230.122918220635,422.39032853439284,4557.102289195161
ID759,A,2720.1850917647153,395.9331459843615,6185.793379110106
ID760,C,2319.0131664280243,399.6794905847735,-1931.6861339414356
ID761,C,2538.3612212590183,388.79182481278264,-2165.801439876358
ID762,B,3304.918601833601,363.63639609590587,6591.568893432587
ID763,C,2469.7977160430305,413.26068094541574,-2043.1847745977354
ID764,B,2861.3441138721455,411.0526584563865,5715.137067019978
ID765,A,2278.913634884329,395.7800866432268,4876.24520395585
ID766,B,2488.9992355994123,401.00486075837307,4971.568853642197
ID767,C,3056.7591032465084,407.73908826556146,-2669.5083104720625
ID768,C,2302.8746941725913,376.56181214670187,-1939.7111753052734
ID769,C,3069.8536659202464,392.0642098398056,-2662.9597166403573
ID770,A,2722.5249556473955,411.9139701943274,6106.13423783531
ID771,A,2323.1542888279682,381.18565865246126,5056.955125663711
ID772,A,2698.83591557236,404.40336898249944,6076.411120514817
ID773,B,2805.7817646638987,379.65127293064893,5617.584922161808
ID774,C,2695.5038585298153,406.9964497365029,-2275.0986230024832
ID775,A,2006.3041601925097,399.46537776553777,4038.967582508555
ID776,A,2271.3801125872296,375.77302276141734,4930.958000205133
ID777,B,2422.177431613018,417.47109031685756,4828.442290993052
ID778,A,2476.5973151334274,388.98112634802925,5479.924731726656
ID779,B,2695.1461014234546,387.84621344478427,5393.415568925904
ID780,B,2555.8711398305427,403.00853795846416,5100.177172546558
ID781,B,2080.153116777088,417.2295602414307,4148.820422575436
ID782,A,2619.5383660489606,384.7626727153241,5938.92718914886
ID783,C,2691.974841864296,400.92519774771955,-2291.633472335422
ID784,A,2676.004244364976,406.4322475049586,5996.245059515073
ID785,C,2839.8092904738255,410.39658410894714,-2438.5146503812794
ID786,B,2762.1942536051874,402.6466233291584,5521.623698639905
ID787,A,2644.371243151342,394.49458241375015,5949.550019654055
ID788,B,2477.9391322748484,387.58614669026923,4966.560645483194
ID789,B,1977.7757014188285,401.29215824569565,3967.974394854342
ID790,C,2635.076670749431,383.9179148202159,-2273.313010276072
ID791,C,2565.299282219185,356.1797427475809,-2220.273669793913
ID792,C,2585.3873591497563,406.54839706236504,-2196.7973131484723
ID793,C,2098.576272314323,413.5590226162929,-1692.8175369109128
ID794,B,2160.1039903170863,364.5560134668724,4319.2067249966885
ID795,A,2831.122785029212,384.85403942935096,6551.702415304499
ID796,C,2487.5634266518628,409.28731391507796,-2089.338430494289
ID797,C,2714.271279044849,430.86243204567546,-2295.4563354641514
ID798,C,2508.903607431863,400.31190561513114,-2106.1044938639443
ID799,A,2509.3556559718436,389.07995588156297,5583.4993205521505
